studytime,failures,absences,health,schoolsup,famsup,paid,activities,higher,Medu,Fedu,famrel,Pstatus,goout,Dalc,Walc,freetime,romantic,internet,nursery,reason,total_alcohol,family_support_score,social_score,academic_support,parent_education,risk_factors,motivation_score,pass,good_grade
2,0,6,3,yes,no,no,no,yes,4,4,4,A,4,1,1,3,no,no,yes,course,2,4,7,1,8,4.6,5,0,0
2,0,4,3,no,yes,no,no,yes,1,1,5,T,3,1,1,3,no,yes,no,course,2,8,6,0,2,4.4,6,0,0
2,3,10,3,yes,no,yes,no,yes,1,1,4,T,2,2,3,3,no,yes,yes,other,5,6,5,2,2,14.0,7,1,0
3,0,2,5,no,yes,yes,yes,yes,4,2,3,T,2,1,1,2,yes,yes,yes,home,2,6,4,2,6,2.2,8,1,1
2,0,4,5,no,yes,yes,no,yes,3,3,4,T,2,1,2,3,no,no,yes,home,3,7,5,1,6,3.4,7,1,0
2,0,10,5,no,yes,yes,yes,yes,4,3,5,T,2,1,2,4,no,yes,yes,reputation,3,8,6,2,7,4.0,7,1,1
2,0,0,3,no,no,no,no,yes,2,2,4,T,4,1,1,4,no,yes,yes,home,2,6,8,0,4,4.0,5,1,0
2,0,6,1,yes,yes,no,no,yes,4,4,4,A,4,1,1,1,no,no,yes,home,2,5,5,1,8,6.6,5,0,0
2,0,0,1,no,yes,yes,no,yes,3,2,4,A,2,1,1,2,no,yes,yes,home,2,5,4,1,5,6.0,7,1,1
2,0,0,5,no,yes,yes,yes,yes,3,4,5,T,1,1,1,5,no,yes,yes,home,2,8,6,2,7,2.0,8,1,1
2,0,0,2,no,yes,yes,no,yes,4,4,3,T,3,1,2,3,no,yes,yes,reputation,3,6,6,1,8,6.0,6,0,0
3,0,4,4,no,yes,no,yes,yes,2,1,5,T,2,1,1,2,no,yes,yes,reputation,2,8,4,1,3,3.4,8,1,0
1,0,2,5,no,yes,yes,yes,yes,4,4,4,T,3,1,3,3,no,yes,yes,course,4,7,6,2,8,4.2,5,1,1
2,0,2,3,no,yes,yes,no,yes,4,3,5,T,3,1,2,4,no,yes,yes,course,3,8,7,1,7,5.2,6,1,0
3,0,0,3,no,yes,no,no,yes,2,2,4,A,2,1,1,5,yes,yes,yes,home,2,5,7,0,4,4.0,8,1,1
1,0,4,2,no,yes,no,no,yes,4,4,4,T,4,1,2,4,no,yes,yes,home,3,7,8,0,8,6.4,4,1,1
3,0,6,2,no,yes,yes,yes,yes,4,4,3,T,3,1,2,2,no,yes,yes,reputation,3,6,5,2,8,6.6,7,1,1
2,0,4,4,yes,yes,no,yes,yes,3,3,5,T,2,1,1,3,no,no,yes,reputation,2,8,5,2,6,3.4,7,1,0
1,3,16,5,no,yes,no,yes,yes,3,2,5,T,5,2,4,5,no,yes,yes,course,6,8,10,1,5,13.6,3,0,0
1,0,4,5,no,no,yes,yes,yes,4,3,3,T,3,1,3,1,no,yes,yes,home,4,5,4,2,7,4.4,5,1,0
2,0,0,1,no,no,no,no,yes,4,3,4,T,1,1,1,4,no,yes,yes,reputation,2,6,5,0,7,6.0,8,1,1
1,0,0,5,no,yes,yes,no,yes,4,4,5,T,2,1,1,4,no,yes,yes,other,2,8,6,1,8,2.0,6,1,1
2,0,2,5,no,no,no,yes,yes,4,2,4,T,1,1,3,5,no,yes,yes,course,4,6,6,1,6,4.2,8,1,1
2,0,0,5,no,yes,no,yes,yes,2,2,5,T,4,2,4,4,no,yes,yes,reputation,6,8,8,1,4,6.0,5,1,0
3,0,2,5,yes,yes,yes,yes,yes,2,4,4,T,2,1,1,3,no,yes,yes,course,2,7,5,3,6,2.2,8,0,0
1,2,14,5,no,yes,yes,no,yes,2,2,1,T,2,1,3,2,no,yes,no,home,4,4,4,1,4,9.4,6,0,0
1,0,2,5,no,yes,yes,no,yes,2,2,4,T,2,1,2,2,no,yes,yes,home,3,7,4,1,4,3.2,6,1,0
1,0,4,1,no,no,yes,no,yes,4,2,2,T,4,2,4,2,no,yes,yes,other,6,4,6,1,6,10.4,4,1,1
2,0,4,5,yes,yes,no,yes,yes,3,4,5,A,3,1,1,3,no,yes,yes,home,2,6,6,2,7,2.4,6,1,0
2,0,16,5,no,yes,yes,yes,yes,4,4,4,T,5,5,5,4,yes,yes,yes,home,10,7,9,2,8,11.6,4,1,0
2,0,0,5,no,yes,yes,no,yes,4,4,5,T,2,3,4,4,no,yes,no,home,7,8,6,1,8,7.0,7,1,0
2,0,0,5,no,yes,no,yes,yes,4,4,4,T,1,1,1,3,no,yes,yes,reputation,2,7,4,1,8,2.0,8,1,1
2,0,0,5,no,yes,no,yes,yes,4,3,4,T,2,1,1,5,yes,yes,yes,course,2,7,7,1,7,2.0,7,1,1
2,0,0,2,no,no,no,yes,yes,3,3,5,T,2,1,1,3,no,yes,no,course,2,7,5,1,6,5.0,7,1,0
1,0,0,5,no,yes,yes,no,yes,3,2,5,T,3,1,1,4,no,yes,no,home,2,8,7,1,5,2.0,5,1,1
1,0,0,5,no,yes,no,yes,yes,2,3,3,T,1,1,1,5,no,no,yes,other,2,6,6,1,5,2.0,7,0,0
3,0,2,4,no,yes,no,yes,yes,4,3,5,T,3,1,1,4,no,yes,yes,home,2,8,7,1,7,3.2,7,1,1
3,0,7,5,no,yes,no,yes,yes,4,4,2,A,3,1,1,4,yes,yes,yes,reputation,2,3,7,1,8,2.7,7,1,1
3,0,2,5,yes,yes,yes,yes,yes,3,4,4,T,2,1,1,3,no,yes,yes,course,2,7,5,3,7,2.2,8,1,0
1,0,8,2,yes,yes,yes,yes,yes,2,2,4,T,1,1,1,3,no,no,yes,reputation,2,7,4,3,4,5.8,7,1,0
2,1,25,3,no,yes,no,yes,yes,2,2,3,T,3,1,2,3,yes,yes,no,home,3,6,6,1,4,9.5,6,1,0
1,0,8,5,no,yes,no,no,yes,4,4,5,T,3,2,4,4,yes,yes,no,home,6,8,7,0,8,6.8,5,1,0
2,0,2,5,no,yes,no,yes,yes,4,4,4,T,3,1,1,3,no,yes,yes,course,2,7,6,1,8,2.2,6,1,1
1,0,0,1,yes,yes,no,no,yes,2,2,5,T,1,1,1,4,no,yes,yes,course,2,8,5,1,4,6.0,7,1,0
2,1,14,5,yes,no,no,yes,yes,2,2,4,T,3,2,2,3,no,yes,yes,course,4,6,6,2,4,7.4,6,0,0
2,0,8,5,yes,yes,yes,yes,yes,4,3,5,A,2,1,1,2,yes,yes,yes,course,2,6,4,3,7,2.8,7,0,0
2,0,12,3,no,yes,no,no,yes,3,3,2,A,5,1,4,3,no,yes,yes,home,5,3,8,0,6,8.2,4,1,0
4,0,4,2,no,no,no,yes,yes,4,3,4,T,2,1,1,2,no,yes,yes,reputation,2,6,4,1,7,5.4,9,1,1
2,0,2,5,no,yes,yes,no,yes,4,2,4,T,3,2,2,3,no,no,yes,home,4,7,6,1,6,4.2,6,1,1
2,1,2,3,yes,yes,no,yes,yes,4,4,4,T,4,1,1,4,no,yes,no,other,2,7,8,2,8,6.2,5,0,0
2,0,2,4,no,yes,yes,no,yes,2,2,4,T,3,2,3,3,no,yes,yes,course,5,7,6,1,4,6.2,6,1,0
2,0,2,5,no,yes,yes,no,yes,4,2,4,T,3,1,1,3,no,yes,yes,other,2,7,6,1,6,2.2,6,1,0
1,1,6,5,no,no,no,no,yes,4,2,5,A,5,3,4,5,no,no,yes,other,7,5,10,0,6,9.6,3,1,0
1,0,0,5,yes,yes,yes,no,yes,4,4,3,T,4,2,3,3,no,yes,yes,course,5,6,7,2,8,5.0,4,1,0
1,0,6,1,no,no,yes,no,yes,3,3,5,A,4,4,4,3,no,yes,yes,other,8,5,7,1,6,12.6,4,1,0
2,0,8,2,no,no,yes,yes,yes,2,1,5,A,4,1,1,3,yes,yes,yes,other,2,5,7,2,3,5.8,5,1,0
2,0,0,1,no,yes,yes,yes,yes,4,3,4,A,2,1,1,3,no,yes,yes,reputation,2,5,5,2,7,6.0,7,1,1
2,0,4,5,no,yes,no,yes,yes,4,4,3,T,2,1,1,2,no,no,yes,reputation,2,6,4,1,8,2.4,7,1,1
2,0,2,5,yes,yes,no,yes,yes,1,2,4,T,2,1,1,3,no,yes,yes,home,2,7,5,2,3,2.2,7,0,0
2,0,2,5,no,yes,no,no,yes,4,2,4,T,3,1,1,2,no,yes,yes,course,2,7,5,0,6,2.2,6,1,1
2,0,6,4,no,yes,no,yes,yes,4,4,2,T,4,2,3,4,no,no,yes,other,5,5,8,1,8,6.6,5,1,0
1,0,6,5,yes,yes,no,yes,yes,1,1,5,T,5,5,5,5,yes,yes,no,course,10,8,10,2,2,10.6,3,1,0
2,0,4,1,yes,no,no,yes,yes,1,2,4,T,3,1,1,4,no,yes,yes,reputation,2,6,7,2,3,6.4,6,0,0
3,0,2,4,yes,yes,yes,yes,yes,4,3,3,T,4,2,4,4,no,yes,yes,home,6,6,8,3,7,7.2,6,0,0
2,0,0,2,yes,no,no,yes,yes,4,3,4,T,4,2,4,4,yes,yes,yes,reputation,6,6,8,2,7,9.0,5,1,0
2,0,2,1,no,yes,no,yes,yes,4,3,5,T,3,1,2,4,no,yes,yes,course,3,8,7,1,7,7.2,6,1,1
4,0,4,3,no,yes,no,yes,yes,4,4,1,A,3,5,5,3,yes,yes,no,reputation,10,2,6,1,8,12.4,8,1,0
4,0,4,5,yes,yes,yes,no,yes,3,1,4,T,3,1,2,3,no,yes,yes,course,3,7,6,2,4,3.4,8,0,0
2,0,2,4,yes,yes,yes,no,yes,2,2,4,T,3,1,3,1,no,yes,yes,reputation,4,7,4,2,4,5.2,6,0,0
4,0,12,3,no,yes,no,no,yes,3,1,4,T,2,2,3,4,no,yes,no,reputation,5,7,6,0,4,8.2,9,1,1
4,0,0,5,no,yes,yes,no,yes,3,1,4,T,2,1,1,3,no,yes,yes,reputation,2,7,5,1,4,2.0,9,1,1
4,0,0,3,no,no,no,no,yes,4,2,3,T,3,1,1,3,no,yes,yes,course,2,5,6,0,6,4.0,8,1,0
2,2,2,5,yes,yes,no,no,yes,1,1,3,T,4,2,4,3,yes,yes,no,reputation,6,6,7,1,2,10.2,5,0,0
1,0,2,5,no,no,no,yes,yes,3,1,5,T,2,2,2,3,no,no,yes,reputation,4,7,5,1,4,4.2,6,1,1
2,0,54,5,yes,yes,yes,yes,yes,3,3,4,T,3,2,4,3,no,yes,yes,home,6,7,6,3,6,11.4,6,1,0
2,0,6,5,no,yes,yes,yes,yes,4,3,4,T,3,2,3,3,no,yes,yes,home,5,7,6,2,7,5.6,6,1,0
4,0,8,1,no,no,no,yes,yes,4,0,3,T,3,1,1,4,no,yes,yes,course,2,5,7,1,4,6.8,8,1,0
4,0,0,3,no,no,yes,no,yes,2,2,5,T,3,1,3,2,yes,yes,yes,reputation,4,7,5,1,4,6.0,8,1,0
1,3,2,3,yes,yes,no,yes,no,2,1,4,T,1,1,1,5,no,yes,yes,home,2,7,6,2,3,10.2,5,1,0
2,0,12,3,no,yes,no,no,yes,3,4,2,T,3,1,2,4,no,yes,yes,course,3,5,7,0,7,6.2,6,0,0
1,0,2,3,yes,yes,yes,yes,yes,2,3,3,T,2,1,3,2,yes,yes,no,course,4,6,4,3,5,6.2,6,1,0
3,0,4,5,yes,no,yes,no,yes,2,3,5,T,2,1,2,3,no,yes,no,home,3,7,5,2,5,3.4,8,1,0
2,0,10,5,no,yes,yes,no,yes,3,2,4,T,4,1,1,4,no,yes,yes,reputation,2,7,8,1,5,3.0,5,0,0
2,0,4,4,no,no,yes,yes,yes,2,2,5,T,3,1,3,3,no,yes,yes,home,4,7,6,2,4,5.4,6,1,1
2,0,2,4,no,yes,no,yes,yes,1,1,4,T,2,2,3,3,no,yes,no,home,5,7,5,1,2,6.2,7,1,0
2,2,6,5,no,no,yes,no,yes,4,4,4,T,4,2,3,4,yes,yes,yes,reputation,5,6,8,1,8,9.6,5,0,0
2,0,4,2,no,yes,no,no,yes,2,2,4,T,4,1,2,3,no,no,yes,course,3,7,7,0,4,6.4,5,0,0
3,0,4,1,no,yes,no,yes,yes,4,2,5,T,3,1,3,3,no,yes,yes,reputation,4,8,6,1,6,8.4,7,1,1
2,1,12,3,no,no,yes,yes,yes,2,2,4,T,2,1,1,4,no,yes,no,reputation,2,6,6,2,4,7.2,7,1,0
2,0,18,5,no,yes,no,no,yes,4,4,4,A,3,3,5,1,no,no,yes,reputation,8,5,4,0,8,9.8,6,0,0
3,0,0,4,no,yes,yes,no,yes,3,3,4,T,3,1,3,3,yes,yes,yes,home,4,7,6,1,6,5.0,7,0,0
1,0,4,1,no,no,yes,yes,yes,4,3,4,T,5,1,3,5,no,yes,yes,reputation,4,6,10,2,7,8.4,3,1,1
2,0,4,2,yes,yes,no,no,yes,3,1,3,T,3,2,3,3,no,no,yes,home,5,6,6,1,4,8.4,6,0,0
2,0,0,1,no,yes,yes,yes,yes,4,2,5,T,3,1,1,3,no,yes,yes,home,2,8,6,2,6,6.0,6,1,0
4,0,6,4,no,yes,no,yes,yes,2,2,4,T,4,1,1,3,no,yes,yes,reputation,2,7,7,1,4,3.6,7,1,1
4,1,2,1,yes,yes,yes,yes,yes,1,1,3,T,2,1,1,1,no,yes,yes,home,2,6,3,3,2,8.2,9,1,0
1,0,2,4,yes,yes,no,yes,yes,4,3,3,T,3,1,1,3,no,yes,no,reputation,2,6,6,2,7,3.2,5,1,1
2,0,2,5,no,yes,yes,no,yes,2,1,4,T,5,1,1,3,yes,no,yes,course,2,7,8,1,3,2.2,4,1,0
1,0,6,1,no,no,no,yes,yes,4,4,5,T,4,1,2,3,no,yes,no,reputation,3,7,7,1,8,7.6,4,1,1
3,0,0,3,yes,yes,yes,no,yes,4,3,5,T,5,1,1,3,no,yes,yes,course,2,8,8,2,7,4.0,5,0,0
1,0,14,4,yes,yes,yes,yes,yes,4,4,4,T,5,5,5,5,no,yes,yes,other,10,7,10,3,8,12.4,3,0,0
3,0,0,4,no,yes,no,yes,yes,4,4,4,T,3,1,1,4,yes,yes,yes,other,2,7,7,1,8,3.0,7,1,1
1,0,4,5,no,yes,no,yes,yes,4,4,5,T,3,1,1,3,no,yes,no,course,2,8,6,1,8,2.4,5,1,1
2,0,26,2,yes,yes,yes,no,yes,3,2,4,T,5,1,1,3,no,yes,yes,home,2,7,8,2,5,7.6,4,0,0
2,0,0,1,no,yes,yes,yes,yes,3,4,5,A,4,1,1,4,no,yes,yes,course,2,6,8,2,7,6.0,5,1,1
4,0,10,4,yes,no,no,no,yes,3,3,4,A,3,1,1,3,no,no,yes,reputation,2,4,6,1,6,4.0,8,1,0
4,0,8,3,yes,yes,yes,no,yes,2,2,5,T,2,1,1,1,no,yes,yes,course,2,8,3,2,4,4.8,9,0,0
3,0,2,5,no,yes,no,yes,yes,3,3,5,T,3,1,1,3,no,yes,yes,home,2,8,6,1,6,2.2,7,1,1
4,0,6,1,no,yes,yes,yes,yes,4,4,1,T,5,3,5,3,yes,yes,yes,home,8,4,8,2,8,12.6,6,1,0
3,0,4,4,no,yes,yes,yes,yes,4,4,5,T,5,1,1,4,yes,yes,yes,other,2,8,9,2,8,3.4,5,1,1
1,0,6,4,no,no,no,yes,yes,4,4,5,A,3,1,1,5,no,yes,yes,course,2,5,8,1,8,3.6,5,1,1
3,1,0,2,yes,yes,no,yes,yes,3,3,4,T,2,1,1,1,no,yes,yes,reputation,2,7,3,2,6,7.0,8,1,0
2,1,6,5,yes,no,no,yes,yes,2,2,3,T,2,1,1,1,no,yes,yes,home,2,5,3,2,4,4.6,7,1,0
1,0,10,3,no,no,no,no,yes,4,2,3,T,2,1,1,5,no,yes,yes,course,2,5,7,0,6,5.0,6,1,1
2,0,8,5,no,no,no,yes,yes,2,1,5,T,2,1,1,4,yes,yes,yes,reputation,2,7,6,1,3,2.8,7,0,0
2,0,2,5,no,yes,no,yes,yes,4,4,5,T,4,1,2,4,no,yes,yes,course,3,8,8,1,8,3.2,5,1,1
2,0,2,2,no,yes,no,yes,yes,4,4,4,T,3,1,1,4,no,no,yes,reputation,2,7,7,1,8,5.2,6,1,1
1,0,0,5,no,no,no,yes,yes,3,3,5,T,2,1,1,4,no,yes,yes,home,2,7,6,1,6,2.0,6,1,0
2,1,20,5,no,yes,no,yes,yes,1,3,5,T,4,1,4,2,no,yes,yes,course,5,8,6,1,4,9.0,5,0,0
1,0,6,4,no,no,no,no,yes,3,4,3,T,3,1,2,4,no,yes,yes,reputation,3,5,7,0,7,4.6,5,1,0
2,0,2,1,no,no,no,no,yes,1,2,3,T,3,1,2,2,no,yes,no,course,3,5,5,0,3,7.2,6,1,1
4,0,6,5,no,yes,yes,yes,yes,2,2,5,T,4,1,2,5,no,yes,yes,home,3,8,9,2,4,3.6,7,1,1
2,0,2,5,no,yes,yes,yes,yes,2,4,4,T,2,1,2,2,yes,yes,yes,course,3,7,4,2,6,3.2,7,1,0
1,0,18,5,no,yes,no,yes,yes,4,4,3,T,4,1,4,4,no,yes,yes,course,5,6,8,1,8,6.8,4,1,0
2,0,0,5,no,no,yes,no,yes,2,2,5,T,4,1,1,4,yes,yes,yes,home,2,7,8,1,4,2.0,5,0,0
1,0,0,5,yes,no,no,no,yes,3,4,5,T,5,3,2,5,no,yes,yes,home,5,7,10,1,7,5.0,3,1,0
2,0,0,1,yes,no,no,yes,yes,3,4,5,A,2,1,1,3,yes,yes,yes,home,2,5,5,2,7,6.0,7,1,0
2,3,2,5,no,yes,no,no,no,0,1,3,T,2,1,1,4,no,no,no,course,2,6,6,0,1,8.2,5,0,0
1,2,0,4,no,yes,no,yes,yes,2,2,3,T,3,1,2,3,no,yes,yes,reputation,3,6,6,1,4,8.0,5,0,0
1,0,8,4,no,no,yes,yes,yes,4,4,3,T,5,2,5,5,no,yes,yes,course,7,5,10,2,8,8.8,3,1,1
3,2,0,5,no,yes,no,no,yes,3,4,4,T,2,2,2,2,yes,yes,yes,course,4,7,4,0,7,8.0,8,0,0
1,0,0,4,no,yes,no,yes,yes,1,1,4,T,3,1,2,3,yes,yes,no,course,3,7,6,1,2,4.0,5,0,0
1,0,12,5,no,yes,no,no,yes,2,2,3,T,4,1,3,4,yes,yes,yes,course,4,6,8,0,4,5.2,4,1,0
1,0,16,5,no,no,no,no,yes,3,4,3,A,1,1,4,2,no,yes,yes,course,5,3,3,0,7,6.6,7,1,0
2,0,0,5,no,yes,no,no,yes,3,4,5,T,3,1,1,3,yes,no,yes,course,2,8,6,0,7,2.0,6,0,0
3,0,0,5,no,yes,no,yes,yes,4,4,4,T,3,1,1,3,yes,yes,yes,course,2,7,6,1,8,2.0,7,0,0
2,0,0,5,no,no,no,no,yes,3,4,5,T,5,2,4,4,no,no,yes,course,6,7,9,0,7,6.0,4,0,0
1,2,0,5,no,yes,no,yes,yes,3,3,4,A,2,1,1,3,yes,yes,no,course,2,5,5,1,6,6.0,6,0,0
2,1,0,5,no,no,no,no,yes,1,1,4,T,4,1,3,4,yes,no,yes,course,4,6,8,0,2,6.0,5,1,0
1,0,0,5,no,no,no,yes,yes,4,4,4,T,2,1,1,3,no,yes,yes,course,2,6,5,1,8,2.0,6,1,1
4,0,0,3,yes,yes,no,no,yes,4,3,2,T,2,1,1,2,no,yes,yes,course,2,5,4,1,7,4.0,9,0,0
1,2,8,2,no,yes,no,yes,yes,2,2,2,T,3,2,2,3,no,yes,yes,reputation,4,5,6,1,4,11.8,5,0,0
3,0,2,5,no,yes,yes,yes,yes,4,4,4,T,2,1,1,2,no,yes,yes,course,2,7,4,2,8,2.2,8,1,0
1,0,2,1,no,no,no,no,yes,1,1,3,T,4,3,3,4,no,yes,yes,course,6,5,8,0,2,10.2,4,1,0
1,3,0,5,no,yes,no,no,yes,2,1,5,T,5,1,2,4,no,yes,yes,home,3,8,9,0,3,9.0,3,0,0
2,0,0,5,no,yes,yes,no,yes,1,1,4,T,2,1,2,4,no,yes,yes,course,3,7,6,1,2,3.0,7,1,0
2,3,0,3,no,yes,no,no,yes,3,2,3,T,2,1,1,3,no,yes,yes,home,2,6,5,0,5,10.0,7,0,0
2,0,2,5,no,yes,yes,no,yes,1,2,4,T,2,1,1,3,no,yes,no,course,2,7,5,1,3,2.2,7,1,0
1,0,0,5,no,yes,no,no,no,4,4,3,T,2,2,1,3,yes,yes,yes,course,3,6,5,0,8,3.0,4,0,0
1,3,0,5,no,no,no,no,yes,2,1,4,A,5,2,5,5,no,yes,yes,course,7,4,10,0,3,13.0,3,1,0
1,3,0,4,no,no,no,no,no,1,1,2,T,5,2,5,3,yes,yes,yes,course,7,4,8,0,2,14.0,1,0,0
1,1,6,5,no,no,no,yes,yes,2,1,4,T,4,3,5,4,yes,no,yes,course,8,6,8,1,3,10.6,4,1,1
3,2,8,3,no,yes,yes,yes,yes,3,3,4,T,1,2,3,2,yes,yes,yes,reputation,5,7,3,2,6,11.8,9,1,0
1,3,0,4,no,yes,no,no,no,3,2,4,T,4,1,1,5,yes,yes,yes,home,2,7,9,0,5,9.0,2,0,0
1,0,0,4,yes,yes,no,no,yes,4,4,4,T,1,1,1,2,yes,no,yes,course,2,7,3,1,8,3.0,7,1,0
2,0,2,1,yes,no,yes,yes,yes,2,3,4,T,4,1,1,4,no,no,yes,course,2,6,8,3,5,6.2,5,0,0
1,0,8,5,no,no,no,no,yes,1,2,2,T,2,3,3,2,no,no,yes,reputation,6,4,4,0,3,6.8,6,1,0
1,3,6,4,no,yes,no,yes,yes,1,1,5,T,5,1,5,2,no,no,no,course,6,8,7,1,2,13.6,3,1,0
1,0,2,3,no,no,no,no,yes,2,2,4,T,2,1,2,2,no,no,no,course,3,6,4,0,4,5.2,6,1,1
2,1,4,5,no,yes,yes,no,yes,3,3,4,T,5,4,4,5,yes,yes,yes,course,8,7,10,1,6,10.4,4,1,0
1,2,0,5,no,no,no,yes,no,2,1,3,T,2,2,2,3,yes,yes,yes,course,4,5,5,1,3,8.0,4,0,0
2,2,6,3,yes,yes,no,no,yes,3,2,4,T,4,1,4,4,yes,yes,yes,course,5,7,8,1,5,11.6,5,0,0
1,1,0,5,no,no,no,yes,yes,1,2,4,T,4,2,4,4,no,no,yes,course,6,6,8,1,3,8.0,4,0,0
1,0,2,2,no,no,no,no,no,1,3,5,T,3,1,4,3,no,yes,yes,course,5,7,6,0,4,8.2,3,1,0
2,3,0,5,no,no,no,yes,no,1,1,5,T,5,1,5,3,yes,no,yes,course,6,7,8,1,2,12.0,2,0,0
1,1,16,2,no,yes,no,yes,no,3,2,4,T,2,1,1,5,no,no,no,course,2,7,7,1,5,8.6,4,1,0
2,0,4,4,no,no,no,no,no,2,2,4,T,5,2,4,3,no,yes,yes,course,6,6,8,0,4,7.4,2,1,0
2,0,0,3,no,no,yes,no,yes,4,2,4,T,3,1,1,2,yes,yes,yes,home,2,6,5,1,6,4.0,6,1,1
2,0,0,4,no,yes,yes,no,yes,2,2,5,T,5,1,1,1,no,yes,no,home,2,8,6,1,4,3.0,4,0,0
2,0,0,3,no,yes,yes,no,yes,4,4,4,T,2,1,1,4,yes,yes,yes,reputation,2,7,6,1,8,4.0,7,1,1
1,2,0,2,no,yes,no,yes,yes,3,4,3,T,5,2,4,4,no,yes,no,course,6,6,9,1,7,13.0,3,0,0
2,0,2,3,no,yes,yes,yes,yes,1,0,4,T,2,1,1,3,yes,yes,yes,reputation,2,7,5,2,1,4.2,7,1,1
2,0,0,5,no,yes,yes,yes,yes,4,4,4,T,4,1,3,4,no,yes,yes,reputation,4,7,8,2,8,4.0,5,1,0
2,3,0,3,no,no,no,yes,yes,1,3,4,T,5,1,1,3,yes,yes,no,home,2,6,8,1,4,10.0,4,0,0
2,0,4,4,no,yes,yes,yes,yes,3,3,4,T,5,1,1,4,no,yes,yes,reputation,2,7,9,2,6,3.4,4,0,0
2,0,4,4,no,no,yes,yes,yes,4,3,4,T,4,4,4,4,no,yes,yes,course,8,6,8,2,7,9.4,5,0,0
2,0,2,5,no,no,yes,yes,yes,2,2,3,T,4,1,4,4,no,yes,no,reputation,5,5,8,2,4,5.2,5,1,0
2,0,4,4,no,no,no,yes,yes,3,3,4,T,4,1,4,3,no,yes,no,reputation,5,6,7,1,6,6.4,5,0,0
1,0,10,3,no,yes,no,yes,yes,4,2,4,T,3,3,4,3,yes,yes,yes,other,7,7,6,1,6,10.0,5,0,0
2,0,4,2,no,yes,no,yes,yes,4,3,5,T,3,1,1,2,yes,yes,yes,course,2,8,5,1,7,5.4,6,1,0
2,0,10,3,no,yes,yes,yes,yes,4,3,3,T,3,2,3,4,no,yes,yes,home,5,6,7,2,7,8.0,6,0,0
2,0,2,3,no,no,yes,yes,yes,3,3,4,T,3,1,2,2,yes,yes,yes,home,3,6,5,2,6,5.2,6,1,0
2,0,0,5,no,yes,no,yes,yes,2,4,5,T,2,2,3,4,no,no,yes,reputation,5,8,6,1,6,5.0,7,1,1
2,0,56,1,no,yes,no,yes,yes,3,3,5,T,3,2,3,3,yes,yes,yes,reputation,5,8,6,1,6,14.6,6,0,0
2,0,14,1,no,yes,yes,no,yes,3,2,1,T,2,1,2,2,no,yes,yes,reputation,3,4,4,1,5,8.4,7,1,0
2,0,12,4,no,yes,no,yes,yes,3,3,4,T,4,2,3,3,yes,yes,yes,other,5,7,7,1,6,7.2,5,1,0
1,0,2,3,no,yes,yes,yes,yes,1,2,3,T,3,1,2,3,yes,yes,yes,other,3,6,6,2,3,5.2,5,1,0
2,0,0,5,no,no,yes,yes,yes,2,1,4,T,3,1,2,2,yes,yes,yes,course,3,6,5,2,3,3.0,6,1,1
2,0,6,3,no,yes,no,no,yes,3,3,3,A,3,1,3,3,yes,yes,no,reputation,4,4,6,0,6,6.6,6,0,0
2,0,4,3,no,no,no,no,yes,1,2,3,T,3,1,5,1,no,no,yes,home,6,5,4,0,3,8.4,6,1,0
2,0,10,2,no,no,no,no,yes,2,3,4,T,3,1,1,3,no,yes,yes,course,2,6,6,0,5,6.0,6,1,0
2,0,0,3,no,no,no,yes,yes,1,1,5,T,3,1,1,3,no,yes,yes,course,2,7,6,1,2,4.0,6,0,0
2,0,12,5,no,no,yes,yes,yes,1,2,4,T,4,4,5,4,no,yes,no,other,9,6,8,2,3,10.2,5,0,0
1,0,8,5,no,yes,no,yes,yes,3,3,4,T,2,3,4,3,no,yes,yes,reputation,7,7,5,1,6,7.8,6,1,0
1,0,0,3,no,no,no,no,yes,2,3,5,T,3,1,1,3,no,yes,yes,home,2,7,6,0,5,4.0,5,1,1
2,0,0,5,no,no,no,yes,yes,2,4,4,T,2,1,1,3,yes,yes,yes,course,2,6,5,1,6,2.0,7,1,1
1,0,4,5,no,no,no,no,yes,4,4,5,T,3,1,2,2,no,yes,yes,home,3,7,5,0,8,3.4,5,1,1
1,0,8,3,no,yes,yes,yes,yes,3,3,3,T,4,3,5,3,no,yes,yes,home,8,6,7,2,6,10.8,4,1,0
1,1,24,2,no,yes,no,no,yes,4,4,4,T,4,2,3,2,no,yes,yes,home,5,7,6,0,8,12.4,4,1,1
2,0,0,3,no,yes,yes,no,yes,4,4,4,T,2,1,2,5,no,yes,yes,reputation,3,7,7,1,8,5.0,7,1,0
2,0,2,2,no,yes,no,yes,yes,4,3,4,T,5,1,5,3,no,yes,yes,home,6,7,8,1,7,9.2,4,1,1
2,0,6,4,yes,yes,yes,yes,yes,2,3,4,T,3,1,3,4,no,no,yes,reputation,4,7,7,3,5,5.6,6,1,0
2,0,4,1,no,yes,yes,no,yes,1,1,4,T,4,1,3,4,no,no,no,course,4,7,8,1,2,8.4,5,1,0
1,0,18,3,no,yes,no,no,yes,2,2,5,T,2,1,2,3,no,yes,yes,reputation,3,8,5,0,4,6.8,6,0,0
4,0,6,5,no,yes,yes,yes,yes,2,2,5,T,5,1,1,3,no,yes,no,reputation,2,8,8,2,4,2.6,6,1,0
3,1,28,5,no,yes,yes,no,yes,3,4,4,T,3,3,4,4,yes,yes,yes,home,7,7,7,1,7,11.8,7,0,0
2,3,5,4,no,yes,yes,no,yes,3,1,2,A,3,2,2,3,no,yes,yes,course,4,3,6,1,4,11.5,6,0,0
2,0,10,1,no,no,yes,yes,yes,4,3,1,T,2,1,1,3,yes,yes,yes,other,2,3,5,2,7,7.0,7,1,0
1,0,6,5,no,yes,yes,no,yes,1,1,4,T,2,1,4,3,no,no,yes,home,5,7,5,1,2,5.6,6,1,0
3,0,6,4,no,yes,yes,yes,yes,4,3,4,T,2,1,1,4,yes,yes,yes,reputation,2,7,6,2,7,3.6,8,0,0
4,0,10,3,no,yes,yes,yes,yes,3,3,4,T,3,1,2,3,no,yes,yes,reputation,3,7,6,2,6,6.0,8,0,0
2,0,13,3,no,yes,yes,no,yes,4,4,5,T,5,4,5,3,yes,yes,yes,home,9,8,8,1,8,12.3,4,1,0
2,0,0,4,yes,yes,yes,no,yes,2,2,3,A,4,1,1,3,no,yes,yes,reputation,2,4,7,2,4,3.0,5,1,1
2,1,15,5,no,yes,yes,yes,yes,2,2,4,T,4,2,4,4,no,yes,yes,home,6,7,8,2,4,9.5,5,0,0
1,0,12,3,no,yes,yes,no,yes,4,4,5,T,1,1,2,2,no,no,yes,other,3,8,3,1,8,6.2,7,1,0
2,0,2,1,no,no,yes,no,yes,3,2,4,T,4,1,3,4,no,yes,yes,reputation,4,6,8,1,5,8.2,5,1,1
2,2,22,1,no,no,yes,no,yes,4,3,3,T,5,2,4,4,yes,yes,yes,reputation,6,5,9,1,7,16.2,4,0,0
2,1,13,4,no,yes,yes,no,yes,3,3,3,T,4,2,4,2,no,yes,yes,home,6,6,6,1,6,10.3,5,0,0
1,0,3,3,no,yes,yes,no,yes,2,3,3,T,3,1,4,3,no,no,yes,home,5,6,6,1,5,7.3,5,0,0
3,0,4,4,no,yes,yes,yes,yes,2,2,4,T,3,1,1,3,no,yes,yes,course,2,7,6,2,4,3.4,7,1,0
2,0,2,5,no,yes,no,yes,yes,2,1,4,T,5,1,2,2,no,yes,yes,reputation,3,7,7,1,3,3.2,4,0,0
3,1,0,5,no,yes,no,yes,yes,1,1,4,T,4,1,1,3,yes,no,yes,reputation,2,7,7,1,2,4.0,6,0,0
2,0,2,3,yes,no,no,no,yes,2,3,2,T,1,1,1,3,no,yes,yes,other,2,4,4,1,5,4.2,8,1,1
2,0,0,4,no,yes,yes,no,yes,2,2,3,T,3,5,5,3,no,yes,yes,home,10,6,6,1,4,11.0,6,1,0
3,0,0,5,no,yes,no,yes,yes,4,4,5,T,2,1,1,3,no,yes,no,home,2,8,5,1,8,2.0,8,1,1
2,1,16,4,no,no,no,yes,yes,3,1,5,T,3,1,1,3,yes,yes,yes,reputation,2,7,6,1,4,6.6,6,0,0
2,0,10,3,no,no,no,yes,yes,3,2,5,T,4,1,3,3,no,yes,no,course,4,7,7,1,5,7.0,5,1,1
2,0,2,3,no,yes,yes,no,yes,2,3,5,T,3,1,3,3,no,yes,no,reputation,4,8,6,1,5,6.2,6,1,0
2,0,14,3,yes,yes,yes,yes,yes,2,1,4,T,2,4,5,3,yes,yes,yes,course,9,7,5,3,3,12.4,7,0,0
3,0,10,3,no,no,no,yes,yes,2,1,3,A,3,1,2,2,yes,yes,yes,course,3,3,5,1,3,6.0,7,1,0
2,0,14,3,no,no,no,yes,yes,4,3,3,T,3,1,2,2,yes,yes,yes,reputation,3,5,5,1,7,6.4,6,1,1
2,0,4,1,no,yes,yes,yes,yes,2,2,4,T,2,1,1,5,no,yes,yes,course,2,7,7,2,4,6.4,7,1,0
2,0,14,2,yes,yes,no,yes,yes,4,4,4,T,5,1,3,5,yes,yes,yes,reputation,4,7,10,2,8,8.4,4,0,0
2,0,2,1,no,yes,yes,yes,yes,4,4,4,T,4,2,4,2,no,yes,yes,reputation,6,7,6,2,8,10.2,5,1,0
2,0,18,5,no,yes,yes,no,yes,1,1,3,T,2,1,1,4,no,yes,yes,home,2,6,6,1,2,3.8,7,0,0
3,0,10,2,no,no,no,yes,yes,3,2,5,T,3,1,3,3,yes,yes,yes,reputation,4,7,6,1,5,8.0,7,1,0
2,0,4,4,no,no,yes,yes,yes,2,2,4,T,2,5,5,4,yes,yes,no,home,10,6,6,2,4,11.4,7,1,0
1,0,20,5,no,no,no,no,yes,2,1,4,T,2,1,1,5,yes,yes,yes,home,2,6,7,0,3,4.0,6,1,0
2,0,2,3,no,no,no,yes,yes,2,1,2,T,1,1,1,1,no,no,yes,course,2,4,2,1,3,4.2,8,1,0
2,1,0,2,no,no,no,no,no,2,2,5,T,4,3,5,5,no,yes,yes,reputation,8,7,9,0,4,13.0,3,0,0
2,0,14,5,no,no,no,yes,yes,4,3,2,T,5,1,4,5,yes,yes,yes,course,5,4,10,1,7,6.4,4,1,0
2,0,2,4,no,yes,yes,no,yes,4,4,3,A,3,2,3,3,no,yes,yes,course,5,4,6,1,8,6.2,6,1,0
1,0,0,3,no,no,no,yes,yes,4,3,5,T,5,1,1,4,no,yes,no,course,2,7,9,1,7,4.0,3,0,0
1,0,0,5,no,no,no,yes,yes,4,4,5,T,2,1,2,3,no,yes,yes,course,3,7,5,1,8,3.0,6,1,0
3,0,0,3,no,yes,yes,no,yes,2,1,4,T,4,1,1,4,yes,yes,no,course,2,7,8,1,3,4.0,6,0,0
1,0,6,4,no,no,no,no,yes,2,1,4,T,3,1,1,3,no,yes,yes,course,2,6,6,0,3,3.6,5,1,1
1,0,4,2,no,no,no,no,yes,2,3,5,T,2,1,1,2,no,yes,yes,course,2,7,4,0,5,5.4,6,1,0
1,3,16,1,no,no,no,no,no,3,1,5,T,5,5,5,4,yes,yes,no,other,10,7,9,0,4,21.6,1,0,0
2,1,8,5,no,yes,no,no,yes,3,3,4,T,3,1,3,3,yes,yes,yes,course,4,7,6,0,6,6.8,6,0,0
1,0,0,5,no,no,yes,no,yes,0,2,4,T,2,2,4,3,no,yes,no,other,6,6,5,1,2,6.0,6,1,1
1,1,0,5,no,no,no,no,no,3,2,4,T,5,2,4,4,no,yes,yes,course,6,6,9,0,5,8.0,1,0,0
2,0,6,2,yes,yes,no,no,yes,3,3,5,T,3,1,3,3,no,yes,no,reputation,4,8,6,1,6,7.6,6,1,0
1,1,4,5,no,no,no,no,no,2,1,3,T,5,2,5,2,no,yes,no,other,7,5,7,0,3,9.4,1,0,0
1,0,0,3,no,no,no,yes,yes,2,1,3,T,2,1,3,3,no,no,no,course,4,5,5,1,3,6.0,6,0,0
1,0,0,5,no,no,no,no,yes,2,1,4,T,2,2,4,4,no,yes,no,course,6,6,6,0,3,6.0,6,1,0
1,1,2,5,no,yes,no,yes,yes,1,1,4,T,4,1,2,4,no,yes,yes,course,3,7,8,1,2,5.2,4,0,0
4,0,6,4,no,yes,yes,yes,yes,4,2,4,T,3,1,1,2,no,yes,yes,reputation,2,7,5,2,6,3.6,8,1,0
2,0,12,1,no,yes,no,no,yes,4,3,4,A,1,1,1,3,no,yes,yes,reputation,2,5,4,0,7,7.2,8,1,0
2,0,8,4,no,no,no,yes,yes,2,1,5,T,4,1,2,2,no,yes,yes,home,3,7,6,1,3,4.8,5,1,1
4,0,0,2,no,no,yes,yes,yes,2,2,3,T,1,1,1,4,yes,yes,yes,course,2,5,5,2,4,5.0,10,0,0
2,0,21,2,no,yes,yes,no,yes,4,3,3,T,2,1,3,1,yes,yes,yes,home,4,6,3,1,7,9.1,7,1,1
2,0,2,3,no,yes,yes,no,yes,4,3,4,T,2,1,1,3,no,yes,no,course,2,7,5,1,7,4.2,7,0,0
3,0,1,3,no,no,no,yes,yes,3,2,5,T,2,1,1,3,no,no,no,course,2,7,5,1,5,4.1,8,1,0
3,0,4,4,no,no,no,yes,yes,3,3,3,T,3,1,1,2,no,no,no,home,2,5,5,1,6,3.4,7,0,0
3,0,0,3,no,yes,yes,yes,yes,2,2,4,T,3,1,1,3,yes,yes,yes,home,2,7,6,2,4,4.0,7,0,0
2,0,13,1,no,yes,yes,yes,yes,3,4,4,A,5,3,4,2,no,yes,yes,reputation,7,5,7,2,7,12.3,4,1,1
2,0,2,5,no,no,yes,yes,yes,3,1,5,T,4,3,4,4,yes,yes,yes,other,7,7,8,2,4,7.2,5,1,0
2,0,8,4,no,no,yes,yes,yes,4,4,4,T,4,2,2,3,no,yes,yes,reputation,4,6,7,2,8,5.8,5,1,0
2,0,10,5,no,yes,yes,yes,yes,4,2,5,T,5,1,3,4,yes,yes,yes,reputation,4,8,9,2,6,5.0,4,1,0
2,0,0,3,no,yes,no,no,no,2,1,4,T,5,1,2,3,yes,yes,yes,reputation,3,7,8,0,3,5.0,2,0,0
2,2,15,5,no,yes,yes,yes,yes,3,3,4,T,5,3,3,3,no,yes,yes,home,6,7,8,2,6,11.5,4,0,0
4,0,4,2,no,yes,yes,yes,yes,2,3,4,T,5,1,3,5,yes,yes,yes,reputation,4,7,10,2,5,7.4,6,1,1
2,0,2,3,no,yes,yes,no,yes,1,1,4,T,3,1,1,4,no,no,no,home,2,7,7,1,2,4.2,6,1,0
2,0,2,1,no,yes,yes,yes,yes,1,2,3,T,2,2,2,5,yes,no,no,home,4,6,7,2,3,8.2,7,1,1
2,0,2,1,no,yes,yes,no,yes,2,4,4,T,3,1,1,3,yes,yes,yes,reputation,2,7,6,1,6,6.2,6,1,0
2,0,6,5,yes,yes,yes,no,yes,2,2,4,T,4,2,3,4,yes,yes,yes,course,5,7,8,2,4,5.6,5,1,0
2,0,75,5,no,no,no,no,no,3,2,4,A,1,1,1,1,yes,yes,no,home,2,4,2,0,5,9.5,6,0,0
1,0,22,3,no,no,yes,yes,yes,4,4,3,T,4,1,4,2,no,yes,yes,home,5,5,6,2,8,9.2,4,0,0
2,1,15,4,yes,yes,no,yes,yes,4,4,2,T,4,1,1,4,yes,yes,yes,reputation,2,5,8,2,8,6.5,5,0,0
1,0,8,1,no,no,yes,yes,yes,4,3,4,T,3,1,2,2,no,yes,yes,course,3,6,5,2,7,7.8,5,1,0
1,0,30,5,no,no,yes,yes,yes,4,1,4,A,4,2,4,5,yes,yes,yes,home,6,4,9,2,5,9.0,4,0,0
1,1,19,3,no,no,no,no,yes,3,2,4,A,4,3,4,4,no,yes,yes,home,7,4,8,0,5,12.9,4,1,0
4,0,1,3,no,yes,yes,yes,yes,1,1,5,T,2,1,1,2,no,no,yes,reputation,2,8,4,2,2,4.1,9,1,0
2,0,4,4,yes,no,no,yes,yes,1,1,5,T,4,1,1,4,no,yes,yes,home,2,7,8,2,2,3.4,5,1,0
2,0,4,5,no,yes,no,no,yes,2,2,5,T,5,1,2,4,no,yes,no,course,3,8,9,0,4,3.4,4,1,0
2,0,2,4,no,no,yes,no,yes,1,1,4,T,3,1,2,3,no,yes,no,reputation,3,6,6,1,2,4.2,6,1,0
3,0,5,2,no,yes,yes,no,yes,2,2,4,T,3,1,2,3,no,yes,yes,other,3,7,6,1,4,6.5,7,1,1
3,0,6,3,no,yes,yes,no,yes,1,1,4,T,3,1,1,3,no,yes,yes,reputation,2,7,6,1,2,4.6,7,1,0
3,0,6,2,no,no,yes,yes,yes,2,1,4,T,4,1,3,2,no,yes,yes,reputation,4,6,6,2,3,7.6,6,1,1
2,0,9,2,no,yes,yes,yes,yes,4,4,5,A,3,1,1,4,no,yes,yes,reputation,2,6,7,2,8,5.9,6,1,1
2,0,11,5,no,yes,yes,yes,yes,4,2,4,T,2,1,4,3,yes,yes,yes,home,5,7,5,2,6,6.1,7,1,0
3,0,0,3,no,yes,yes,no,yes,4,3,4,T,2,1,2,2,no,yes,yes,reputation,3,7,4,1,7,5.0,8,1,1
2,1,12,5,no,no,no,no,yes,2,1,5,T,3,1,1,4,yes,yes,yes,reputation,2,7,7,0,3,5.2,6,1,0
4,0,6,3,no,yes,yes,no,yes,3,1,3,T,2,1,1,1,no,no,yes,reputation,2,6,3,1,4,4.6,9,1,1
3,0,8,4,no,yes,yes,yes,yes,3,2,5,T,2,1,1,4,no,yes,yes,reputation,2,8,6,2,5,3.8,8,1,1
1,0,4,5,no,yes,yes,no,yes,3,3,4,T,3,1,3,4,no,yes,yes,home,4,7,7,1,6,4.4,5,1,0
2,0,0,2,no,yes,yes,yes,yes,4,4,2,T,4,2,3,3,no,yes,yes,reputation,5,5,7,2,8,8.0,5,0,0
2,0,10,2,no,yes,yes,no,yes,4,3,4,T,5,1,2,4,yes,yes,yes,home,3,7,9,1,7,7.0,4,0,0
4,0,0,3,no,yes,yes,no,yes,4,3,4,T,3,1,1,3,no,yes,yes,reputation,2,7,6,1,7,4.0,8,1,1
1,0,5,1,no,yes,yes,no,yes,4,4,1,T,2,2,2,4,yes,yes,yes,home,4,4,6,1,8,8.5,6,1,1
2,0,14,4,no,yes,no,no,yes,4,4,4,A,4,1,1,2,yes,yes,yes,home,2,5,6,0,8,4.4,5,1,0
1,0,0,5,no,no,yes,no,yes,4,4,4,T,1,2,2,1,no,yes,yes,home,4,6,2,1,8,4.0,7,1,0
3,0,0,3,no,yes,yes,no,yes,4,2,4,T,3,1,1,3,no,yes,yes,reputation,2,7,6,1,6,4.0,7,1,1
4,0,0,5,no,yes,yes,yes,yes,3,2,5,T,2,1,2,2,no,yes,no,reputation,3,8,4,2,5,3.0,9,1,1
2,1,20,3,no,yes,no,yes,yes,3,3,4,T,4,1,1,4,yes,yes,yes,home,2,7,8,1,6,8.0,5,1,0
2,1,8,3,no,yes,yes,yes,yes,2,4,4,T,3,1,1,4,no,yes,yes,reputation,2,7,7,2,6,6.8,6,1,0
1,0,0,5,no,no,no,yes,yes,3,2,5,A,3,1,1,5,no,no,yes,course,2,5,8,1,5,2.0,5,1,1
1,1,38,4,no,yes,yes,no,yes,4,4,4,T,4,1,1,3,yes,yes,yes,reputation,2,7,7,1,8,8.8,4,0,0
2,1,0,5,no,no,no,yes,yes,3,3,4,T,3,1,2,5,yes,no,yes,reputation,3,6,8,1,6,5.0,6,1,0
2,1,18,3,yes,yes,no,yes,yes,1,1,4,T,3,1,3,4,no,yes,no,reputation,4,7,7,2,2,9.8,6,1,0
2,1,0,3,no,no,no,yes,yes,1,2,4,T,4,2,2,2,yes,no,no,home,4,6,6,1,3,8.0,5,0,0
2,0,20,2,no,yes,no,no,no,2,1,3,T,1,1,1,4,yes,yes,yes,other,2,6,5,0,3,7.0,6,1,0
2,1,3,4,no,no,no,no,yes,1,2,4,T,2,2,2,5,no,yes,no,course,4,6,7,0,3,7.3,7,1,0
2,1,22,1,no,yes,yes,no,yes,3,2,4,T,2,1,2,2,yes,yes,no,reputation,3,7,4,1,5,11.2,7,1,0
3,2,14,3,no,no,no,no,yes,1,1,4,T,2,1,1,1,yes,yes,no,home,2,6,3,0,2,9.4,8,1,0
3,1,40,3,no,no,no,no,yes,2,3,4,T,2,1,1,1,yes,yes,yes,reputation,2,6,3,0,5,10.0,8,1,0
2,0,0,1,no,yes,yes,yes,yes,2,1,5,T,3,1,2,3,no,yes,yes,course,3,8,6,2,3,7.0,6,0,0
3,0,9,5,no,yes,yes,yes,yes,4,3,4,T,4,1,1,3,yes,yes,yes,course,2,7,7,2,7,2.9,6,0,0
3,0,0,5,no,yes,yes,yes,yes,3,4,4,T,4,2,5,3,no,yes,no,course,7,7,7,2,7,7.0,6,1,0
2,0,2,5,no,yes,yes,no,yes,4,4,4,T,4,3,3,4,no,yes,yes,course,6,7,8,1,8,6.2,5,1,0
2,0,23,5,no,yes,yes,no,yes,4,3,5,A,2,1,2,2,yes,yes,yes,course,3,6,4,1,7,5.3,7,1,0
2,0,12,3,no,yes,no,no,yes,2,2,4,T,2,1,1,2,yes,no,yes,course,2,7,4,0,4,5.2,7,0,0
3,0,3,3,no,yes,yes,yes,yes,2,2,3,T,2,2,2,3,no,yes,yes,course,4,6,5,2,4,6.3,8,1,0
3,0,1,5,no,yes,no,no,yes,3,1,3,T,3,2,3,4,no,yes,no,course,5,6,7,0,4,5.1,7,1,1
3,0,0,2,no,no,no,no,yes,0,2,3,T,3,2,3,3,no,yes,yes,home,5,5,6,0,2,8.0,7,1,1
3,0,3,3,no,no,no,yes,yes,4,4,4,T,3,2,2,3,no,yes,yes,course,4,6,6,1,8,6.3,7,1,0
1,0,3,5,no,no,no,yes,yes,3,3,4,T,5,3,5,3,no,yes,no,reputation,8,6,8,1,6,8.3,3,1,1
1,0,8,4,no,yes,no,no,yes,2,2,4,T,5,5,5,4,no,yes,yes,course,10,7,9,0,4,11.8,3,1,0
3,0,7,4,no,yes,yes,yes,yes,4,4,5,T,4,1,3,4,no,yes,yes,course,4,8,8,2,8,5.7,6,0,0
3,0,4,4,no,yes,yes,no,yes,4,4,4,T,3,1,2,3,yes,yes,no,course,3,7,6,1,8,4.4,7,1,1
4,0,2,5,no,yes,no,yes,yes,2,2,4,T,5,2,4,5,no,yes,yes,course,6,7,10,1,4,6.2,6,0,0
3,0,7,5,no,yes,no,no,yes,2,4,4,T,3,1,1,4,yes,yes,yes,course,2,7,7,0,6,2.7,7,1,1
2,0,0,4,no,no,no,yes,yes,3,3,5,T,4,1,1,3,no,yes,yes,home,2,7,7,1,6,3.0,5,0,0
2,0,0,2,no,no,no,yes,yes,2,2,4,T,3,1,1,3,yes,yes,no,home,2,6,6,1,4,5.0,6,0,0
4,0,0,4,no,no,no,yes,yes,2,2,4,T,4,1,1,4,no,no,yes,course,2,6,8,1,4,3.0,7,0,0
3,0,16,5,no,no,no,no,yes,3,4,4,T,5,1,3,4,no,yes,yes,course,4,6,9,0,7,5.6,5,1,1
3,1,12,5,no,no,yes,no,yes,3,1,5,A,3,1,2,4,no,no,yes,home,3,5,7,1,4,6.2,7,1,0
2,0,0,2,no,yes,yes,no,yes,3,2,4,T,2,2,3,3,yes,yes,yes,home,5,7,5,1,5,8.0,7,0,0
4,0,7,1,no,yes,no,no,yes,3,3,5,T,3,1,1,3,no,yes,yes,home,2,8,6,0,6,6.7,8,1,1
2,0,4,2,no,yes,yes,no,yes,3,2,4,A,3,2,3,3,no,yes,yes,home,5,5,6,1,5,8.4,6,1,0
3,1,4,3,no,no,yes,yes,yes,2,1,4,T,4,1,3,3,yes,yes,yes,home,4,6,7,2,3,8.4,6,1,0
2,1,0,2,no,yes,no,yes,yes,4,4,4,T,3,2,2,3,no,yes,yes,home,4,7,6,1,8,9.0,6,0,0
2,0,11,5,no,no,no,yes,yes,3,4,4,T,3,1,3,3,yes,yes,yes,home,4,6,6,1,7,5.1,6,1,1
2,1,0,4,no,yes,no,no,yes,2,2,3,A,1,1,2,3,yes,yes,yes,home,3,4,4,0,4,6.0,8,0,0
3,0,4,3,no,yes,no,no,yes,2,3,4,T,3,1,2,3,no,yes,yes,course,3,7,6,0,5,5.4,7,1,0
3,0,7,1,no,no,no,no,yes,3,2,5,T,3,2,3,4,yes,yes,yes,other,5,7,7,0,5,9.7,7,1,1
3,0,9,4,no,no,no,no,yes,4,3,5,T,2,1,2,3,yes,yes,yes,course,3,7,5,0,7,4.9,8,1,1
3,0,0,5,no,yes,yes,no,yes,4,3,5,T,5,2,3,4,yes,yes,yes,course,5,8,9,1,7,5.0,5,0,0
3,0,0,4,no,yes,yes,yes,yes,4,3,4,T,3,1,3,4,yes,yes,yes,reputation,4,7,7,2,7,5.0,7,1,1
1,1,10,5,no,yes,no,no,yes,3,2,2,T,5,5,5,5,no,yes,no,course,10,5,10,0,5,13.0,3,1,0
2,3,8,2,no,no,no,no,yes,1,1,5,T,4,3,3,4,no,yes,yes,home,6,7,8,0,2,15.8,5,0,0
2,0,2,3,no,yes,yes,no,yes,3,3,4,T,4,2,3,5,no,yes,yes,course,5,7,9,1,6,7.2,5,1,0
1,1,7,3,no,no,no,no,no,1,3,4,T,3,2,3,3,yes,yes,yes,course,5,6,6,0,4,9.7,3,0,0
1,1,4,5,no,yes,no,no,yes,1,1,4,T,4,3,3,4,no,yes,yes,home,6,7,8,0,2,8.4,4,0,0
2,0,4,2,no,yes,yes,yes,yes,4,3,4,T,5,1,3,5,yes,yes,no,home,4,7,10,2,7,7.4,4,1,0
2,0,0,5,no,yes,no,no,yes,3,3,5,T,4,1,1,3,yes,no,yes,course,2,8,7,0,6,2.0,5,0,0
2,0,4,5,no,yes,yes,yes,yes,4,4,4,T,3,1,2,3,no,yes,yes,other,3,7,6,2,8,3.4,6,1,0
2,0,2,5,no,no,no,no,yes,3,2,1,A,3,1,2,2,yes,no,yes,reputation,3,1,5,0,5,3.2,6,1,0
1,0,4,3,no,no,no,no,yes,1,1,3,T,2,1,2,3,yes,yes,no,home,3,5,5,0,2,5.4,6,1,0
3,0,0,4,no,no,no,no,yes,1,1,5,T,2,1,1,3,no,yes,yes,course,2,7,5,0,2,3.0,8,1,1
2,0,0,5,no,no,no,no,yes,1,4,4,A,4,1,4,3,yes,no,yes,course,5,4,7,0,5,5.0,5,1,0
2,1,2,5,no,no,no,yes,no,1,1,4,T,3,2,3,4,no,no,no,other,5,6,7,1,2,7.2,4,1,0
2,0,0,3,no,yes,no,no,yes,3,3,4,T,2,1,3,3,yes,yes,yes,other,4,7,5,0,6,6.0,7,1,0
2,0,0,1,no,yes,yes,yes,yes,4,4,2,T,4,1,1,3,yes,yes,yes,course,2,5,7,2,8,6.0,5,1,1
2,0,0,3,no,no,no,no,yes,1,2,3,T,2,1,2,2,no,no,no,course,3,5,4,0,3,5.0,7,1,0
2,0,4,3,no,yes,yes,no,yes,1,3,3,T,4,2,4,3,no,no,yes,course,6,6,7,1,4,8.4,5,1,0
3,0,0,5,no,no,yes,no,yes,4,4,4,T,2,2,2,2,yes,yes,yes,other,4,6,4,1,8,4.0,8,1,0
1,1,0,1,no,yes,yes,no,yes,1,1,5,T,1,1,2,2,yes,yes,yes,reputation,3,8,3,1,2,9.0,7,0,0
1,0,0,4,no,yes,yes,no,yes,2,3,5,T,3,1,2,2,yes,yes,yes,course,3,8,5,1,5,4.0,5,1,0
2,0,10,5,no,yes,yes,no,yes,4,4,3,T,2,4,2,2,yes,yes,no,other,6,6,4,1,8,7.0,7,1,0
2,2,4,3,no,no,no,yes,yes,3,2,3,T,2,1,1,2,yes,no,yes,home,2,5,4,1,5,8.4,7,0,0
1,0,3,3,no,yes,yes,yes,no,1,2,4,T,3,2,3,3,yes,yes,yes,other,5,7,6,2,3,7.3,3,1,0
3,0,8,3,no,no,no,yes,yes,2,2,3,T,3,1,1,4,yes,no,yes,home,2,5,7,1,4,4.8,7,1,0
1,0,14,1,no,no,no,yes,yes,1,2,3,T,5,1,3,5,no,yes,yes,course,4,5,10,1,3,9.4,3,0,0
3,0,0,1,no,no,no,no,yes,4,4,5,T,4,1,1,4,no,yes,yes,reputation,2,7,8,0,8,6.0,6,1,1
3,0,2,4,no,no,no,no,yes,1,1,4,T,2,1,2,3,no,yes,yes,home,3,6,5,0,2,4.2,8,1,0
3,2,4,3,no,yes,yes,no,yes,4,2,5,T,3,1,1,4,yes,yes,no,course,2,8,7,1,6,8.4,7,1,1
2,0,4,2,no,no,yes,yes,yes,4,4,5,T,3,3,4,4,no,yes,yes,course,7,7,7,2,8,10.4,6,1,0
2,0,0,1,no,no,yes,no,yes,3,3,4,T,3,1,2,1,yes,yes,yes,home,3,6,4,1,6,7.0,6,1,1
2,0,17,1,no,yes,yes,yes,yes,3,1,4,T,4,2,3,5,no,yes,no,reputation,5,7,9,2,4,10.7,5,1,0
2,0,4,2,no,no,yes,yes,yes,4,4,3,T,4,1,4,2,no,yes,no,home,5,5,6,2,8,8.4,5,1,1
1,0,5,5,no,no,no,yes,yes,2,1,4,T,3,1,3,4,yes,yes,no,other,4,6,7,1,3,4.5,5,0,0
2,0,2,3,no,no,no,yes,yes,2,3,4,T,3,1,1,4,no,yes,yes,home,2,6,7,1,5,4.2,6,1,0
1,1,0,5,no,no,no,no,yes,1,1,4,T,2,1,3,3,no,no,yes,other,4,6,5,0,2,6.0,6,0,0
1,1,14,3,no,no,yes,no,yes,4,2,5,T,3,4,3,4,no,no,yes,home,7,7,7,1,6,12.4,5,0,0
3,0,2,4,no,no,yes,no,yes,2,2,5,T,3,1,3,3,no,no,yes,other,4,7,6,1,4,5.2,7,1,0
1,0,7,5,no,yes,yes,yes,yes,4,4,4,T,3,2,2,4,yes,yes,yes,reputation,4,7,7,2,8,4.7,5,0,0
3,1,0,5,no,no,no,yes,yes,2,3,5,T,2,1,2,4,no,yes,no,course,3,7,6,1,5,5.0,8,0,0
2,0,0,1,no,yes,yes,no,yes,3,1,4,T,4,1,1,3,no,yes,yes,course,2,7,7,1,4,6.0,5,0,0
2,1,0,5,no,no,no,yes,yes,1,1,1,T,1,1,1,1,no,no,yes,course,2,3,2,1,2,4.0,8,0,0
2,2,11,4,no,yes,yes,no,yes,2,2,5,A,4,4,5,5,no,no,yes,course,9,6,9,1,4,15.1,5,0,0
1,0,3,2,no,no,no,no,yes,3,1,2,T,5,3,4,4,no,yes,no,course,7,4,9,0,4,10.3,3,1,1
1,3,3,3,no,no,no,no,yes,1,1,5,T,3,3,3,5,no,no,no,course,6,7,8,0,2,14.3,5,0,0
1,0,0,5,no,no,no,no,yes,3,2,4,T,1,3,4,4,no,yes,no,course,7,6,5,0,5,7.0,7,1,0
1,0,5,5,no,no,no,no,yes,1,1,3,T,3,3,3,2,no,yes,yes,course,6,5,5,0,2,6.5,5,0,0
